companies	{"id":"r03a-pagination-v3-company-1789379324974307400","company_seq":68}
employees	{"company_id":"r03a-pagination-v3-company-1789379324974307400","id":"emp-backend","epoch":8}
employees	{"company_id":"r03a-pagination-v3-company-1789379324974307400","id":"emp-frontend","epoch":8}
employees	{"company_id":"r03a-pagination-v3-company-1789379324974307400","id":"emp-planning","epoch":7}
employees	{"company_id":"r03a-pagination-v3-company-1789379324974307400","id":"emp-review","epoch":7}
tasks	{"company_id":"r03a-pagination-v3-company-1789379324974307400","id":"629af90e4bc469dc3e961a9bdb7d555a","mission_id":"r03a-pagination-v3-mission-1789379324974307400","owner":"emp-frontend","kind":"peer_frontend","state":"ready","generation":0,"plan":{"role": "frontend", "contract": "api-pagination@1"}}
tasks	{"company_id":"r03a-pagination-v3-company-1789379324974307400","id":"dff11354ffe0afc1b93e8565dc5bb026","mission_id":"r03a-pagination-v3-mission-1789379324974307400","owner":"emp-backend","kind":"peer_backend","state":"candidate","generation":1,"plan":{"role": "backend", "contract": "api-pagination@1"}}
messages	{"company_id":"r03a-pagination-v3-company-1789379324974307400","id":"45a77c6833518bd8fef1ddfe8d28b985","mission_id":"r03a-pagination-v3-mission-1789379324974307400","task_id":"629af90e4bc469dc3e961a9bdb7d555a","sender":"emp-backend","recipient":"emp-frontend","kind":"request","body":"Accepted current public contract 92566d902cd328c0b694ef32188dabf5 for GET /items. Implement/consume cursor and required integer limit; request initial cursor null, then reuse each returned next_cursor exactly; return {items:[{id,name}],next_cursor}; stop when next_cursor is null. Probe pages: null,2 => i1/i2 + cursor-2; cursor-2,2 => i3 + null.","evidence_id":null,"delivery_state":"persisted","contract_revision_id":"92566d902cd328c0b694ef32188dabf5","task_revision":0}
obligations	{"company_id":"r03a-pagination-v3-company-1789379324974307400","id":"45a77c6833518bd8fef1ddfe8d28b985","task_id":"629af90e4bc469dc3e961a9bdb7d555a","owner":"emp-frontend","state":"pending","evidence_id":null,"evidence_ref":null}
contract_revisions	{"company_id":"r03a-pagination-v3-company-1789379324974307400","id":"7c49dab2e51c3adc793a4eb6e579ae2a","mission_id":"r03a-pagination-v3-mission-1789379324974307400","revision":1,"base_revision":null,"endpoint":"GET /items","schema":{"items": ["id", "name"]},"digest":"7d076ff025630ecd3651767cc6e9befcff6adb5dfcc1946d5970332e12902810","state":"superseded","proposer":"emp-backend","accepter":"emp-backend"}
contract_revisions	{"company_id":"r03a-pagination-v3-company-1789379324974307400","id":"92566d902cd328c0b694ef32188dabf5","mission_id":"r03a-pagination-v3-mission-1789379324974307400","revision":2,"base_revision":1,"endpoint":"GET /items","schema":{"request": {"path": "/items", "limit": {"name": "limit", "type": "integer", "minimum": 1, "required": true, "semantics": "maximum number of items requested"}, "cursor": {"name": "cursor", "type": "string|null", "required": false, "semantics": "initial null; subsequent requests use the prior response next_cursor exactly"}, "method": "GET"}, "response": {"items": {"type": "array<object>", "required_fields": ["id", "name"]}, "next_cursor": {"type": "string|null", "required": true}}, "pagination": {"next_page": "when next_cursor is a string, issue the same request with cursor exactly equal to next_cursor", "termination": "when next_cursor is null, stop and issue no further request"}, "probe_cases": [{"name": "first_page", "limit": 2, "cursor": null, "expected_items": [{"id": "i1", "name": "one"}, {"id": "i2", "name": "two"}], "expected_next_cursor": "cursor-2"}, {"name": "last_page", "limit": 2, "cursor": "cursor-2", "expected_items": [{"id": "i3", "name": "three"}], "expected_next_cursor": null}]},"digest":"5bc44edeec9b490cf142fa2310f51d8257437f282dd1264e643de24ad57ce12a","state":"accepted","proposer":"emp-backend","accepter":"emp-backend"}
artifacts	{"company_id":"r03a-pagination-v3-company-1789379324974307400","id":"f73981340227622e9c16dbf45e961a3f","task_id":"dff11354ffe0afc1b93e8565dc5bb026","author":"emp-backend","digest":"e69a3f216201711384f4988698d7c33867e52f2426d93add6c05dda4beb12672","bytes":789,"state":"ready","verdict":"candidate","verifier":null,"contract":"r03-api@1"}
workspaces	{"company_id":"r03a-pagination-v3-company-1789379324974307400","task_id":"629af90e4bc469dc3e961a9bdb7d555a","digest":"e2d27d8aa9187eb9ddd0a0ff547af31df440e9590ccdb313b242bda97b67ed8f","revision":1}
workspaces	{"company_id":"r03a-pagination-v3-company-1789379324974307400","task_id":"dff11354ffe0afc1b93e8565dc5bb026","digest":"e69a3f216201711384f4988698d7c33867e52f2426d93add6c05dda4beb12672","revision":3}
